<libro><capitolo><nome>Capitolo 1</nome><num_pagine inizio="1">5</num_pagine><descrizione>I socket</descrizione><paragrafo titolo="Socket unicast"><argomento>Server unicast</argomento></paragrafo><paragrafo titolo="Socket multicast"><argomento>Thread</argomento><argomento>Server multicast</argomento></paragrafo></capitolo><capitolo><nome>Capitolo 2</nome><num_pagine inizio="6">10</num_pagine><descrizione>SQL</descrizione><paragrafo titolo="SQL come DDL"><argomento>Creare DB con SQL</argomento></paragrafo><paragrafo titolo="SQL come DML"><argomento>Interrogare DB con SQL</argomento></paragrafo></capitolo></libro>
